ID,Abs,Rel,Prob,Correct,Time,Confidence,Task
I02,1,1,1,1,76.592,7,1
I02,1,1,2,1,48.494,7,1
I02,1,1,3,0,43.225,6,2
I02,1,1,4,0,18.957,5,2
I02,1,1,5,1,18.832,6,3
I02,1,1,6,1,73.54,6,3
I02,1,1,7,0,34.365,5,4
I02,1,1,8,1,50.882,7,4
I02,1,1,9,0,41.704,5,5
I02,1,1,10,0,63.479,3,5
I03,1,1,1,1,24.923,7,1
I03,1,1,2,0,24.572,6,1
I03,1,1,3,0,31.288,5,2
I03,1,1,4,0,27.341,5,2
I03,1,1,5,1,27.219,5,3
I03,1,1,6,1,28.256,7,3
I03,1,1,7,0,20.516,5,4
I03,1,1,8,0,40.572,3,4
I03,1,1,9,0,14.304,3,5
I03,1,1,10,0,20.345,6,5
I04,1,1,1,1,50.309,7,1
I04,1,1,2,1,19.86,7,1
I04,1,1,3,1,26.169,6,2
I04,1,1,4,0,19.218,7,2
I04,1,1,5,0,22.235,6,3
I04,1,1,6,1,24.875,7,3
I04,1,1,7,1,29.198,3,4
I04,1,1,8,1,41.625,3,4
I04,1,1,9,0,69.852,2,5
I04,1,1,10,0,61.879,2,5
I05,1,1,1,1,189.21,7,1
I05,1,1,2,1,114.746,7,1
I05,1,1,3,1,115.954,6,2
I05,1,1,4,0,56.268,6,2
I05,1,1,5,0,78.235,6,3
I05,1,1,6,1,56.175,7,3
I05,1,1,7,1,68.069,3,4
I05,1,1,8,1,46.398,7,4
I05,1,1,9,1,35.797,6,5
I05,1,1,10,0,54.354,6,5
I06,1,1,1,1,56.736,1,1
I06,1,1,2,1,45.006,7,1
I06,1,1,3,0,21.093,7,2
I06,1,1,4,1,28.21,7,2
I06,1,1,5,0,28.01,7,3
I06,1,1,6,0,40.627,7,3
I06,1,1,7,1,16.848,7,4
I06,1,1,8,1,33.037,7,4
I06,1,1,9,1,25.468,7,5
I06,1,1,10,0,38.921,7,5
I07,1,1,1,1,31.543,7,1
I07,1,1,2,1,14.954,3,1
I07,1,1,3,0,18.191,6,2
I07,1,1,4,1,14.821,6,2
I07,1,1,5,0,14.419,6,3
I07,1,1,6,1,22.778,7,3
I07,1,1,7,1,15.912,7,4
I07,1,1,8,1,35.099,7,4
I07,1,1,9,0,24.108,5,5
I07,1,1,10,0,26.595,3,5
I08,1,1,1,1,48.24,6,1
I08,1,1,2,0,40.87,2,1
I08,1,1,3,0,75.229,2,2
I08,1,1,4,1,21.208,3,2
I08,1,1,5,1,76.248,3,3
I08,1,1,6,1,31.244,6,3
I08,1,1,7,1,26.843,3,4
I08,1,1,8,1,34.816,6,4
I08,1,1,9,1,56.431,2,5
I08,1,1,10,0,34.315,3,5
I10,1,1,1,1,33.89,7,1
I10,1,1,2,1,31.298,7,1
I10,1,1,3,0,63.232,3,2
I10,1,1,4,0,22.792,6,2
I10,1,1,5,0,53.358,3,3
I10,1,1,6,1,36.702,6,3
I10,1,1,7,1,28.937,7,4
I10,1,1,8,1,43.61,7,4
I10,1,1,9,1,23.539,3,5
I10,1,1,10,0,41.773,3,5
I11,1,1,1,1,175.081,6,1
I11,1,1,2,0,23.886,6,1
I11,1,1,3,1,62.175,6,2
I11,1,1,4,1,18.547,6,2
I11,1,1,5,1,28.886,6,3
I11,1,1,6,1,31.395,7,3
I11,1,1,7,1,18.677,7,4
I11,1,1,8,0,42.411,7,4
I11,1,1,9,0,20.576,5,5
I11,1,1,10,0,47.117,3,5
I12,1,1,1,1,110.45,7,1
I12,1,1,2,1,34.151,7,1
I12,1,1,3,1,263.403,7,2
I12,1,1,4,0,32.803,7,2
I12,1,1,5,0,31.195,6,3
I12,1,1,6,1,76.219,7,3
I12,1,1,7,1,64.648,6,4
I12,1,1,8,1,70.242,6,4
I12,1,1,9,1,123.829,3,5
I12,1,1,10,0,44.662,3,5
I13,1,1,1,1,54.145,7,1
I13,1,1,2,1,20.809,7,1
I13,1,1,3,0,40.203,7,2
I13,1,1,4,1,52.285,6,2
I13,1,1,5,1,19.891,6,3
I13,1,1,6,1,71.371,6,3
I13,1,1,7,0,18.681,7,4
I13,1,1,8,0,37.571,6,4
I13,1,1,9,1,31.72,7,5
I13,1,1,10,0,36.893,6,5
I14,1,1,1,1,223.11,6,1
I14,1,1,2,1,73.49,6,1
I14,1,1,3,0,121.988,6,2
I14,1,1,4,1,49.258,6,2
I14,1,1,5,1,39.441,3,3
I14,1,1,6,0,97.667,3,3
I14,1,1,7,1,37.583,3,4
I14,1,1,8,0,51.342,3,4
I14,1,1,9,0,25.8,5,5
I14,1,1,10,0,94.832,3,5
I15,1,1,1,1,87.314,6,1
I15,1,1,2,1,29.299,5,1
I15,1,1,3,1,41.75,2,2
I15,1,1,4,0,26.292,2,2
I15,1,1,5,0,86.174,3,3
I15,1,1,6,0,68.778,4,3
I15,1,1,7,1,23.962,3,4
I15,1,1,8,1,95.661,3,4
I15,1,1,9,0,35.503,6,5
I15,1,1,10,1,47.426,6,5
I16,1,1,1,0,45.364,7,1
I16,1,1,2,0,13.313,7,1
I16,1,1,3,0,94.607,7,2
I16,1,1,4,1,32.638,7,2
I16,1,1,5,1,21.38,6,3
I16,1,1,6,1,40.292,7,3
I16,1,1,7,1,38.59,7,4
I16,1,1,8,1,39.358,7,4
I16,1,1,9,1,67.337,7,5
I16,1,1,10,0,36.278,6,5
I17,1,1,1,1,27.734,7,1
I17,1,1,2,1,24.607,6,1
I17,1,1,3,1,60.296,7,2
I17,1,1,4,1,25.694,3,2
I17,1,1,5,1,16.933,6,3
I17,1,1,6,0,44.768,3,3
I17,1,1,7,1,67.892,6,4
I17,1,1,8,1,30.942,6,4
I17,1,1,9,0,41.455,3,5
I17,1,1,10,0,27.138,3,5
I18,1,1,1,1,24.988,7,1
I18,1,1,2,1,51.251,7,1
I18,1,1,3,0,21.061,6,2
I18,1,1,4,0,17.849,3,2
I18,1,1,5,0,32.38,3,3
I18,1,1,6,1,18.568,3,3
I18,1,1,7,1,6.396,3,4
I18,1,1,8,0,31.195,3,4
I18,1,1,9,0,13.915,6,5
I18,1,1,10,0,48.103,6,5
I19,1,1,1,1,144.068,7,1
I19,1,1,2,1,54.491,7,1
I19,1,1,3,1,77.988,7,2
I19,1,1,4,1,54.322,6,2
I19,1,1,5,1,36.571,6,3
I19,1,1,6,1,105.259,7,3
I19,1,1,7,1,49.531,3,4
I19,1,1,8,1,39.862,7,4
I19,1,1,9,0,56.064,7,5
I19,1,1,10,0,83.7,7,5
I20,1,1,1,1,31.609,7,1
I20,1,1,2,1,26.31,7,1
I20,1,1,3,1,101.019,7,2
I20,1,1,4,1,46.078,6,2
I20,1,1,5,1,26.098,6,3
I20,1,1,6,1,31.511,7,3
I20,1,1,7,1,16.356,7,4
I20,1,1,8,1,45.29,6,4
I20,1,1,9,1,53.107,7,5
I20,1,1,10,1,47.376,6,5
I21,1,1,1,1,39.847,6,1
I21,1,1,2,1,21.229,7,1
I21,1,1,3,0,37.433,3,2
I21,1,1,4,1,12.259,6,2
I21,1,1,5,0,25.792,6,3
I21,1,1,6,1,25.298,6,3
I21,1,1,7,0,12.192,6,4
I21,1,1,8,1,22.219,6,4
I21,1,1,9,0,24.449,6,5
I21,1,1,10,0,46.876,3,5
I22,1,1,1,1,77.702,7,1
I22,1,1,2,1,40.685,7,1
I22,1,1,3,0,57.612,7,2
I22,1,1,4,1,47.877,7,2
I22,1,1,5,0,31.049,7,3
I22,1,1,6,0,30.514,7,3
I22,1,1,7,0,46.722,7,4
I22,1,1,8,1,64.044,7,4
I22,1,1,9,1,68.538,7,5
I22,1,1,10,0,48.568,7,5
I23,1,1,1,1,81.471,7,1
I23,1,1,2,1,26.585,7,1
I23,1,1,3,0,40.105,6,2
I23,1,1,4,1,25.814,7,2
I23,1,1,5,0,81.689,6,3
I23,1,1,6,1,21.856,7,3
I23,1,1,7,1,24.94,7,4
I23,1,1,8,0,49.031,3,4
I23,1,1,9,0,34.758,7,5
I23,1,1,10,1,59.599,7,5
I24,1,1,1,1,64.15,6,1
I24,1,1,2,1,32.329,6,1
I24,1,1,3,1,42.982,3,2
I24,1,1,4,0,38.388,3,2
I24,1,1,5,0,35.697,3,3
I24,1,1,6,0,11.24,6,3
I24,1,1,7,1,64.64,6,4
I24,1,1,8,1,55.072,3,4
I24,1,1,9,0,37.494,5,5
I24,1,1,10,0,32.298,5,5
I25,1,1,1,0,47.539,5,1
I25,1,1,2,0,30.852,3,1
I25,1,1,3,0,61.106,5,2
I25,1,1,4,0,37.31,6,2
I25,1,1,5,0,26.513,3,3
I25,1,1,6,0,26.252,7,3
I25,1,1,7,0,17.162,6,4
I25,1,1,8,0,35.98,5,4
I25,1,1,9,0,17.538,5,5
I25,1,1,10,0,13.996,3,5
I26,1,1,1,0,43.356,7,1
I26,1,1,2,1,14.939,7,1
I26,1,1,3,0,84.657,7,2
I26,1,1,4,0,30.276,6,2
I26,1,1,5,0,49.217,6,3
I26,1,1,6,1,54.673,7,3
I26,1,1,7,1,80.91,7,4
I26,1,1,8,1,51.196,7,4
I26,1,1,9,1,47.089,7,5
I26,1,1,10,0,93.248,6,5
I27,1,1,1,1,95.668,6,1
I27,1,1,2,1,22.828,7,1
I27,1,1,3,0,147.983,6,2
I27,1,1,4,1,44.535,6,2
I27,1,1,5,1,45.718,3,3
I27,1,1,6,0,49.538,6,3
I27,1,1,7,1,50.38,6,4
I27,1,1,8,0,69.965,6,4
I27,1,1,9,1,46.907,6,5
I27,1,1,10,0,87.842,3,5
I28,1,1,1,1,45.332,7,1
I28,1,1,2,1,45.004,6,1
I28,1,1,3,1,147.634,6,2
I28,1,1,4,1,26.901,6,2
I28,1,1,5,1,80.905,5,3
I28,1,1,6,1,44.092,7,3
I28,1,1,7,1,24.539,6,4
I28,1,1,8,1,51.463,6,4
I28,1,1,9,1,29.26,6,5
I28,1,1,10,0,57.18,3,5
I29,1,1,1,1,63.711,7,1
I29,1,1,2,1,21.223,7,1
I29,1,1,3,1,219.838,6,2
I29,1,1,4,1,29.594,6,2
I29,1,1,5,1,66.516,6,3
I29,1,1,6,1,42.837,7,3
I29,1,1,7,1,26.282,7,4
I29,1,1,8,1,61.573,6,4
I29,1,1,9,1,129.717,6,5
I29,1,1,10,1,72.221,3,5
I30,1,1,1,1,38.171,6,1
I30,1,1,2,1,20.584,6,1
I30,1,1,3,1,47.425,6,2
I30,1,1,4,0,24.403,6,2
I30,1,1,5,0,38.085,6,3
I30,1,1,6,1,69.16,3,3
I30,1,1,7,1,40.766,3,4
I30,1,1,8,1,48.654,3,4
I30,1,1,9,0,51.585,6,5
I30,1,1,10,0,49.713,6,5
I31,1,1,1,1,57.72,7,1
I31,1,1,2,1,19.735,6,1
I31,1,1,3,0,19.031,7,2
I31,1,1,4,1,25.24,3,2
I31,1,1,5,1,22.498,6,3
I31,1,1,6,1,29.123,6,3
I31,1,1,7,1,29.962,6,4
I31,1,1,8,1,27.119,7,4
I31,1,1,9,0,21.754,6,5
I31,1,1,10,0,39.032,6,5
I32,1,1,1,0,65.498,6,1
I32,1,1,2,1,18.73,7,1
I32,1,1,3,0,34.166,7,2
I32,1,1,4,0,13.501,3,2
I32,1,1,5,1,30.66,6,3
I32,1,1,6,1,26.107,6,3
I32,1,1,7,1,52.809,3,4
I32,1,1,8,0,42.07,6,4
I32,1,1,9,1,26.622,3,5
I32,1,1,10,0,74.55,6,5
I33,1,1,1,1,22.648,7,1
I33,1,1,2,0,85.691,7,1
I33,1,1,3,1,19.095,7,2
I33,1,1,4,1,8.547,7,2
I33,1,1,5,1,26.868,7,3
I33,1,1,6,1,19.94,7,3
I33,1,1,7,1,21.9,7,4
I33,1,1,8,0,29.066,7,4
I33,1,1,9,1,36.312,7,5
I33,1,1,10,0,66.981,7,5
I34,1,1,1,0,21.79,6,1
I34,1,1,2,0,28.122,7,1
I34,1,1,3,1,38.332,6,2
I34,1,1,4,0,30.539,6,2
I34,1,1,5,0,15.134,6,3
I34,1,1,6,0,17.563,5,3
I34,1,1,7,0,5.573,5,4
I34,1,1,8,0,20.067,3,4
I34,1,1,9,0,15.571,3,5
I34,1,1,10,0,28.467,3,5
I35,1,1,1,1,81.766,7,1
I35,1,1,2,1,39.386,6,1
I35,1,1,3,1,37.387,3,2
I35,1,1,4,1,19.761,7,2
I35,1,1,5,0,26.632,3,3
I35,1,1,6,1,37.014,6,3
I35,1,1,7,0,16.165,6,4
I35,1,1,8,1,34.487,3,4
I35,1,1,9,1,24.67,3,5
I35,1,1,10,0,57.511,3,5
I36,1,1,1,1,53.073,7,1
I36,1,1,2,1,17.483,6,1
I36,1,1,3,0,64.063,6,2
I36,1,1,4,1,25.071,6,2
I36,1,1,5,1,29.723,6,3
I36,1,1,6,1,35.115,7,3
I36,1,1,7,1,27.741,7,4
I36,1,1,8,0,88.232,6,4
I36,1,1,9,1,57.147,3,5
I36,1,1,10,0,39.702,6,5
I37,1,1,1,1,110.045,7,1
I37,1,1,2,1,43.535,7,1
I37,1,1,3,1,219.846,7,2
I37,1,1,4,1,82.175,7,2
I37,1,1,5,1,84.139,6,3
I37,1,1,6,0,150.63,6,3
I37,1,1,7,1,48.16,7,4
I37,1,1,8,1,71.354,7,4
I37,1,1,9,1,83.878,7,5
I37,1,1,10,1,140.996,3,5
I38,1,1,1,1,76.86,7,1
I38,1,1,2,1,14.955,7,1
I38,1,1,3,1,50.513,7,2
I38,1,1,4,0,26.31,7,2
I38,1,1,5,1,39.021,7,3
I38,1,1,6,1,48.033,7,3
I38,1,1,7,1,24.615,7,4
I38,1,1,8,1,29.944,7,4
I38,1,1,9,1,49.976,7,5
I38,1,1,10,0,39.533,7,5
I39,1,1,1,1,51.779,3,1
I39,1,1,2,1,13.292,3,1
I39,1,1,3,1,18.418,4,2
I39,1,1,4,1,12.347,5,2
I39,1,1,5,0,65.084,4,3
I39,1,1,6,1,25.497,2,3
I39,1,1,7,1,14.039,3,4
I39,1,1,8,1,19.291,5,4
I39,1,1,9,1,37.208,3,5
I39,1,1,10,0,48.898,5,5
I40,1,1,1,1,31.171,7,1
I40,1,1,2,1,31.851,7,1
I40,1,1,3,1,75.938,1,2
I40,1,1,4,0,99.5,7,2
I40,1,1,5,0,134.448,6,3
I40,1,1,6,1,37.274,7,3
I40,1,1,7,0,27.246,7,4
I40,1,1,8,0,33.266,7,4
I40,1,1,9,1,48.713,6,5
I40,1,1,10,0,34.054,7,5
I41,1,1,1,1,31.735,6,1
I41,1,1,2,1,12.397,6,1
I41,1,1,3,1,57.875,6,2
I41,1,1,4,1,17.116,6,2
I41,1,1,5,0,24.306,6,3
I41,1,1,6,1,30.98,6,3
I41,1,1,7,1,11.925,6,4
I41,1,1,8,1,24.03,6,4
I41,1,1,9,1,22.337,3,5
I41,1,1,10,0,27.755,3,5
I42,1,1,1,1,74.781,7,1
I42,1,1,2,0,39.64,5,1
I42,1,1,3,0,38.82,6,2
I42,1,1,4,0,27.742,6,2
I42,1,1,5,0,39.589,3,3
I42,1,1,6,1,52.44,6,3
I42,1,1,7,1,32.676,6,4
I42,1,1,8,1,104.778,6,4
I42,1,1,9,0,38.708,3,5
I42,1,1,10,0,96.846,3,5
I43,1,1,1,0,110.442,6,1
I43,1,1,2,1,31.766,6,1
I43,1,1,3,0,69.129,3,2
I43,1,1,4,1,43.167,3,2
I43,1,1,5,0,36.778,3,3
I43,1,1,6,1,82.995,6,3
I43,1,1,7,1,21.888,6,4
I43,1,1,8,1,44.81,6,4
I43,1,1,9,1,51.205,3,5
I43,1,1,10,0,49.237,3,5
I44,1,1,1,1,47.436,7,1
I44,1,1,2,1,49.117,7,1
I44,1,1,3,1,65.116,6,2
I44,1,1,4,1,24.827,7,2
I44,1,1,5,0,31.748,6,3
I44,1,1,6,1,26.798,7,3
I44,1,1,7,0,33.701,7,4
I44,1,1,8,1,91.247,7,4
I44,1,1,9,1,55.946,7,5
I44,1,1,10,0,71.915,7,5
I45,1,1,1,0,66.355,7,1
I45,1,1,2,0,60.997,7,1
I45,1,1,3,0,55.075,7,2
I45,1,1,4,1,42.589,7,2
I45,1,1,5,0,45.42,6,3
I45,1,1,6,1,83.933,7,3
I45,1,1,7,0,61.08,6,4
I45,1,1,8,0,86.117,4,4
I45,1,1,9,0,29.486,3,5
I45,1,1,10,0,49.018,3,5
I46,1,1,1,1,29.759,7,1
I46,1,1,2,1,15.734,7,1
I46,1,1,3,0,53.59,6,2
I46,1,1,4,0,13.72,7,2
I46,1,1,5,0,26.336,6,3
I46,1,1,6,1,43.426,6,3
I46,1,1,7,1,13.061,6,4
I46,1,1,8,0,44.773,6,4
I46,1,1,9,0,18.03,7,5
I46,1,1,10,0,33.92,6,5
I47,1,1,1,1,27.266,7,1
I47,1,1,2,1,11.876,7,1
I47,1,1,3,1,27.516,6,2
I47,1,1,4,1,20.738,3,2
I47,1,1,5,1,13.957,2,3
I47,1,1,6,1,22.187,6,3
I47,1,1,7,1,8.752,3,4
I47,1,1,8,1,25.926,3,4
I47,1,1,9,1,32.679,4,5
I47,1,1,10,0,21.362,3,5
I48,1,1,1,1,169.457,6,1
I48,1,1,2,1,128.621,3,1
I48,1,1,3,0,334.697,3,2
I48,1,1,4,1,169.788,6,2
I48,1,1,5,0,212.943,3,3
I48,1,1,6,1,78.945,6,3
I48,1,1,7,1,50.629,6,4
I48,1,1,8,1,150.17,6,4
I48,1,1,9,1,226.917,3,5
I48,1,1,10,1,251.967,3,5
I49,1,1,1,1,48.905,7,1
I49,1,1,2,1,11.303,7,1
I49,1,1,3,0,26.967,7,2
I49,1,1,4,1,21.079,7,2
I49,1,1,5,0,37.768,6,3
I49,1,1,6,1,53.985,7,3
I49,1,1,7,1,21.59,7,4
I49,1,1,8,1,26.058,7,4
I49,1,1,9,0,43.944,6,5
I49,1,1,10,0,43.922,6,5
I51,1,1,1,1,52.811,6,1
I51,1,1,2,1,40.957,3,1
I51,1,1,3,0,30.735,3,2
I51,1,1,4,0,34.257,3,2
I51,1,1,5,0,34.279,3,3
I51,1,1,6,0,53.929,6,3
I51,1,1,7,1,53.336,6,4
I51,1,1,8,1,51.112,6,4
I51,1,1,9,0,56.487,3,5
I51,1,1,10,0,30.401,3,5
I52,1,1,1,1,38.597,7,1
I52,1,1,2,1,27.758,7,1
I52,1,1,3,1,86.344,7,2
I52,1,1,4,1,33.579,6,2
I52,1,1,5,0,22.99,6,3
I52,1,1,6,1,76.253,6,3
I52,1,1,7,1,34.97,6,4
I52,1,1,8,1,58.602,6,4
I52,1,1,9,0,27.818,7,5
I52,1,1,10,0,30.739,6,5
I53,1,1,1,1,40.36,7,1
I53,1,1,2,1,20.261,7,1
I53,1,1,3,1,29.218,7,2
I53,1,1,4,1,37.371,7,2
I53,1,1,5,1,28.763,6,3
I53,1,1,6,1,14.509,7,3
I53,1,1,7,1,20.442,7,4
I53,1,1,8,1,49.738,7,4
I53,1,1,9,1,48.859,3,5
I53,1,1,10,0,46.517,6,5
I54,1,1,1,1,62.104,7,1
I54,1,1,2,1,21.671,7,1
I54,1,1,3,1,35.323,6,2
I54,1,1,4,1,17.779,7,2
I54,1,1,5,1,21.362,6,3
I54,1,1,6,1,29.523,7,3
I54,1,1,7,1,15.745,7,4
I54,1,1,8,0,54.551,7,4
I54,1,1,9,1,25.962,6,5
I54,1,1,10,0,39.031,6,5
I55,1,1,1,1,29.459,7,1
I55,1,1,2,1,18.637,7,1
I55,1,1,3,1,25.105,6,2
I55,1,1,4,1,27.595,3,2
I55,1,1,5,0,32.562,3,3
I55,1,1,6,1,21.68,6,3
I55,1,1,7,1,28.396,6,4
I55,1,1,8,1,53.183,6,4
I55,1,1,9,0,26.735,6,5
I55,1,1,10,0,34.36,3,5
I56,1,1,1,1,36.44,7,1
I56,1,1,2,1,48.18,6,1
I56,1,1,3,1,71.775,3,2
I56,1,1,4,1,22.14,3,2
I56,1,1,5,1,23.015,6,3
I56,1,1,6,1,45.328,7,3
I56,1,1,7,1,18.128,7,4
I56,1,1,8,0,63.266,6,4
I56,1,1,9,1,76.43,6,5
I56,1,1,10,0,23.959,6,5
I57,1,1,1,1,35.78,7,1
I57,1,1,2,1,20.368,7,1
I57,1,1,3,1,38.806,7,2
I57,1,1,4,0,24.285,3,2
I57,1,1,5,0,28.981,3,3
I57,1,1,6,0,59.148,2,3
I57,1,1,7,1,50.272,7,4
I57,1,1,8,1,28.282,7,4
I57,1,1,9,0,50.688,3,5
I57,1,1,10,0,36.467,3,5
I58,1,1,1,1,88.461,7,1
I58,1,1,2,1,63.296,7,1
I58,1,1,3,1,50.114,7,2
I58,1,1,4,1,116.014,7,2
I58,1,1,5,1,39.753,6,3
I58,1,1,6,1,30.384,7,3
I58,1,1,7,1,18.597,7,4
I58,1,1,8,0,56.698,6,4
I58,1,1,9,1,58.722,6,5
I58,1,1,10,0,60.013,6,5
I59,1,1,1,1,57.734,6,1
I59,1,1,2,1,20.638,6,1
I59,1,1,3,1,181.347,6,2
I59,1,1,4,1,218.867,6,2
I59,1,1,5,1,161.114,6,3
I59,1,1,6,1,34.602,6,3
I59,1,1,7,1,16.503,6,4
I59,1,1,8,1,47.145,6,4
I59,1,1,9,1,92.022,6,5
I59,1,1,10,0,239.268,6,5
I60,1,1,1,0,218.183,1,1
I60,1,1,2,1,94.405,1,1
I60,1,1,3,1,211.182,1,2
I60,1,1,4,0,24.475,1,2
I60,1,1,5,0,92.011,1,3
I60,1,1,6,0,35.757,7,3
I60,1,1,7,0,58.932,7,4
I60,1,1,8,1,89.383,7,4
I60,1,1,9,0,57.896,7,5
I60,1,1,10,0,72.904,6,5
A01,1,0,1,1,28.418,7,1
A01,1,0,2,1,11.097,7,1
A01,1,0,3,0,20.834,7,2
A01,1,0,4,1,13.174,6,2
A01,1,0,5,0,17.405,6,3
A01,1,0,6,1,40.665,6,3
A01,1,0,7,0,14.387,2,4
A01,1,0,8,0,28.899,3,4
A01,1,0,9,0,17.158,6,5
A01,1,0,10,0,24.804,6,5
A02,1,0,1,1,38.838,7,1
A02,1,0,2,1,15.912,7,1
A02,1,0,3,1,41.957,3,2
A02,1,0,4,1,12.351,4,2
A02,1,0,5,0,17.653,4,3
A02,1,0,6,1,32.26,7,3
A02,1,0,7,1,17.68,7,4
A02,1,0,8,1,24.303,6,4
A02,1,0,9,0,21.405,3,5
A02,1,0,10,0,17.82,3,5
A03,1,0,1,1,23.53,6,1
A03,1,0,2,0,46.896,5,1
A03,1,0,3,0,24.079,5,2
A03,1,0,4,0,9.854,6,2
A03,1,0,5,0,24.139,3,3
A03,1,0,6,1,100.924,6,3
A03,1,0,7,0,52.544,5,4
A03,1,0,8,0,42.028,2,4
A03,1,0,9,1,145.34,3,5
A03,1,0,10,0,44.869,3,5
A05,1,0,1,1,61.928,7,1
A05,1,0,2,1,63.657,7,1
A05,1,0,3,0,57.532,3,2
A05,1,0,4,1,42.155,4,2
A05,1,0,5,1,28.929,3,3
A05,1,0,6,1,56.503,7,3
A05,1,0,7,1,18.86,6,4
A05,1,0,8,1,31.147,7,4
A05,1,0,9,0,26.321,5,5
A05,1,0,10,0,43.944,3,5
A06,1,0,1,1,139.963,7,1
A06,1,0,2,1,30.007,7,1
A06,1,0,3,1,23.828,7,2
A06,1,0,4,0,51.871,3,2
A06,1,0,5,0,15.192,6,3
A06,1,0,6,1,31.625,6,3
A06,1,0,7,1,16.914,6,4
A06,1,0,8,0,24.973,6,4
A06,1,0,9,1,19.04,6,5
A06,1,0,10,0,19.608,6,5
A07,1,0,1,1,52.262,6,1
A07,1,0,2,0,12.472,6,1
A07,1,0,3,1,56.966,3,2
A07,1,0,4,0,16.243,6,2
A07,1,0,5,0,32.671,6,3
A07,1,0,6,1,24.811,3,3
A07,1,0,7,0,15.617,3,4
A07,1,0,8,0,17.425,3,4
A07,1,0,9,0,16.736,7,5
A07,1,0,10,0,18.18,6,5
A08,1,0,1,1,179.343,6,1
A08,1,0,2,1,26.98,6,1
A08,1,0,3,0,10.802,5,2
A08,1,0,4,1,12.974,6,2
A08,1,0,5,0,11.659,6,3
A08,1,0,6,0,36.759,2,3
A08,1,0,7,0,5.234,3,4
A08,1,0,8,0,6.702,5,4
A08,1,0,9,0,33.179,5,5
A08,1,0,10,0,5.304,5,5
A09,1,0,1,1,60.049,6,1
A09,1,0,2,1,14.208,7,1
A09,1,0,3,0,33.625,6,2
A09,1,0,4,1,43.776,6,2
A09,1,0,5,1,17.77,6,3
A09,1,0,6,1,51.997,7,3
A09,1,0,7,1,19.328,6,4
A09,1,0,8,1,39.829,6,4
A09,1,0,9,0,37.078,5,5
A09,1,0,10,0,40.467,3,5
A10,1,0,1,1,18.802,7,1
A10,1,0,2,1,10.941,7,1
A10,1,0,3,0,18.931,7,2
A10,1,0,4,1,10.515,6,2
A10,1,0,5,0,11.238,3,3
A10,1,0,6,1,9.522,6,3
A10,1,0,7,1,12.983,6,4
A10,1,0,8,1,37.642,3,4
A10,1,0,9,0,15.409,7,5
A10,1,0,10,0,21.023,3,5
A11,1,0,1,1,58.864,7,1
A11,1,0,2,1,33.125,7,1
A11,1,0,3,1,44.7,7,2
A11,1,0,4,0,30.057,6,2
A11,1,0,5,0,14.865,3,3
A11,1,0,6,1,28.426,7,3
A11,1,0,7,0,31.172,6,4
A11,1,0,8,1,65.551,6,4
A11,1,0,9,1,45.577,3,5
A11,1,0,10,0,50.932,2,5
A12,1,0,1,1,38.748,7,1
A12,1,0,2,1,21.296,7,1
A12,1,0,3,1,64.735,7,2
A12,1,0,4,0,12.374,7,2
A12,1,0,5,0,19.063,6,3
A12,1,0,6,1,31.649,7,3
A12,1,0,7,1,19.881,7,4
A12,1,0,8,1,43.756,7,4
A12,1,0,9,1,25.765,6,5
A12,1,0,10,0,33.103,6,5
A13,1,0,1,1,18.241,7,1
A13,1,0,2,1,27.788,7,1
A13,1,0,3,1,105.573,6,2
A13,1,0,4,1,10.823,6,2
A13,1,0,5,1,13.93,6,3
A13,1,0,6,1,18.316,7,3
A13,1,0,7,1,14.204,6,4
A13,1,0,8,1,22.082,6,4
A13,1,0,9,1,34.179,3,5
A13,1,0,10,0,23.642,3,5
A14,1,0,1,1,17.536,7,1
A14,1,0,2,0,75.719,6,1
A14,1,0,3,1,39.995,7,2
A14,1,0,4,1,18.104,6,2
A14,1,0,5,0,14.974,3,3
A14,1,0,6,1,21.706,6,3
A14,1,0,7,0,16.63,3,4
A14,1,0,8,1,28.25,3,4
A14,1,0,9,1,18.935,6,5
A14,1,0,10,0,37.911,5,5
A15,1,0,1,1,33.311,7,1
A15,1,0,2,1,38.187,6,1
A15,1,0,3,1,57.552,3,2
A15,1,0,4,1,31.762,3,2
A15,1,0,5,1,29.667,5,3
A15,1,0,6,1,32.985,7,3
A15,1,0,7,1,27.422,3,4
A15,1,0,8,0,36.277,3,4
A15,1,0,9,0,25.326,5,5
A15,1,0,10,0,28.423,3,5
A16,1,0,1,1,83.561,7,1
A16,1,0,2,1,10.379,7,1
A16,1,0,3,1,30.886,7,2
A16,1,0,4,1,20.92,7,2
A16,1,0,5,0,33.609,7,3
A16,1,0,6,1,36.854,7,3
A16,1,0,7,1,25.162,3,4
A16,1,0,8,0,20.593,3,4
A16,1,0,9,1,24.984,7,5
A16,1,0,10,0,31.636,3,5
A17,1,0,1,1,28.847,6,1
A17,1,0,2,1,24.484,7,1
A17,1,0,3,1,32.755,3,2
A17,1,0,4,0,32.868,5,2
A17,1,0,5,0,21.021,3,3
A17,1,0,6,1,26.343,7,3
A17,1,0,7,0,13.492,3,4
A17,1,0,8,0,26.898,3,4
A17,1,0,9,0,38.942,5,5
A17,1,0,10,0,38.553,3,5
A18,1,0,1,1,18.937,7,1
A18,1,0,2,1,11.113,7,1
A18,1,0,3,0,62.358,5,2
A18,1,0,4,1,11.778,6,2
A18,1,0,5,0,19.421,3,3
A18,1,0,6,1,24.105,6,3
A18,1,0,7,1,23.439,6,4
A18,1,0,8,0,29.705,3,4
A18,1,0,9,0,48.596,6,5
A18,1,0,10,0,33.613,3,5
A20,1,0,1,1,40.313,7,1
A20,1,0,2,1,20.612,7,1
A20,1,0,3,1,32.446,3,2
A20,1,0,4,0,47.658,7,2
A20,1,0,5,0,14.953,6,3
A20,1,0,6,1,22.951,7,3
A20,1,0,7,1,29.794,7,4
A20,1,0,8,1,32.798,6,4
A20,1,0,9,1,22.743,7,5
A20,1,0,10,0,32.843,3,5
A22,1,0,1,1,15.413,7,1
A22,1,0,2,0,37.151,6,1
A22,1,0,3,1,36.225,6,2
A22,1,0,4,1,12.727,6,2
A22,1,0,5,1,44.717,3,3
A22,1,0,6,1,13.985,3,3
A22,1,0,7,1,8.624,7,4
A22,1,0,8,1,14.998,6,4
A22,1,0,9,1,37.386,6,5
A22,1,0,10,0,36.375,3,5
A23,1,0,1,1,40.039,7,1
A23,1,0,2,1,20.03,7,1
A23,1,0,3,0,73.857,6,2
A23,1,0,4,0,24.866,3,2
A23,1,0,5,0,20.483,6,3
A23,1,0,6,0,50.827,6,3
A23,1,0,7,1,42.682,7,4
A23,1,0,8,1,52.705,7,4
A23,1,0,9,1,31.438,3,5
A23,1,0,10,0,42.604,6,5
A24,1,0,1,1,103.167,7,1
A24,1,0,2,1,24.537,7,1
A24,1,0,3,0,49.873,6,2
A24,1,0,4,0,38.176,6,2
A24,1,0,5,0,26.279,6,3
A24,1,0,6,1,29.911,7,3
A24,1,0,7,1,28.915,6,4
A24,1,0,8,1,41.969,6,4
A24,1,0,9,1,19.131,3,5
A24,1,0,10,0,41.452,3,5
A25,1,0,1,1,57.495,7,1
A25,1,0,2,1,22.695,7,1
A25,1,0,3,1,66.265,6,2
A25,1,0,4,1,26.136,6,2
A25,1,0,5,1,17.008,3,3
A25,1,0,6,1,34.06,6,3
A25,1,0,7,1,13.185,6,4
A25,1,0,8,1,29.588,6,4
A25,1,0,9,1,42.872,6,5
A25,1,0,10,0,27.495,6,5
A26,1,0,1,1,35.155,7,1
A26,1,0,2,1,11.746,7,1
A26,1,0,3,0,35.427,6,2
A26,1,0,4,0,10.154,7,2
A26,1,0,5,0,22.218,6,3
A26,1,0,6,1,30.42,7,3
A26,1,0,7,1,10.914,7,4
A26,1,0,8,1,32.481,3,4
A26,1,0,9,1,16.394,7,5
A26,1,0,10,0,25.281,3,5
A27,1,0,1,1,60.942,6,1
A27,1,0,2,0,58.01,6,1
A27,1,0,3,1,21.759,3,2
A27,1,0,4,1,42.129,3,2
A27,1,0,5,0,17.889,3,3
A27,1,0,6,1,24.159,7,3
A27,1,0,7,1,17.072,7,4
A27,1,0,8,1,35.565,6,4
A27,1,0,9,0,47.075,2,5
A27,1,0,10,0,16.211,3,5
A28,1,0,1,1,43.821,6,1
A28,1,0,2,1,19.359,6,1
A28,1,0,3,0,53.925,6,2
A28,1,0,4,1,15.639,6,2
A28,1,0,5,1,49.81,3,3
A28,1,0,6,1,33.847,6,3
A28,1,0,7,1,27.726,3,4
A28,1,0,8,1,48.724,6,4
A28,1,0,9,1,29.086,6,5
A28,1,0,10,0,32.526,6,5
A30,1,0,1,1,40.397,6,1
A30,1,0,2,1,12.536,6,1
A30,1,0,3,1,32.016,3,2
A30,1,0,4,1,13.006,3,2
A30,1,0,5,0,151.2,3,3
A30,1,0,6,1,20.201,6,3
A30,1,0,7,1,9.362,6,4
A30,1,0,8,1,40.155,3,4
A30,1,0,9,1,18.875,2,5
A30,1,0,10,0,25.975,3,5
A31,1,0,1,0,378.297,7,1
A31,1,0,2,0,9.47,7,1
A31,1,0,3,0,14.736,7,2
A31,1,0,4,0,8.443,7,2
A31,1,0,5,0,10.591,7,3
A31,1,0,6,1,53.438,7,3
A31,1,0,7,1,15.953,7,4
A31,1,0,8,0,15.98,7,4
A31,1,0,9,1,14.759,7,5
A31,1,0,10,0,21.818,7,5
A32,1,0,1,1,36.187,3,1
A32,1,0,2,1,9.353,6,1
A32,1,0,3,0,23.629,3,2
A32,1,0,4,1,11.161,3,2
A32,1,0,5,0,15.933,5,3
A32,1,0,6,1,25.728,3,3
A32,1,0,7,1,11.691,3,4
A32,1,0,8,0,39.48,3,4
A32,1,0,9,1,19.254,6,5
A32,1,0,10,0,21.277,6,5
A33,1,0,1,1,57.936,7,1
A33,1,0,2,1,15.843,7,1
A33,1,0,3,1,31.008,6,2
A33,1,0,4,1,38.974,3,2
A33,1,0,5,0,48.495,3,3
A33,1,0,6,0,33.45,7,3
A33,1,0,7,1,13.328,7,4
A33,1,0,8,0,21.423,7,4
A33,1,0,9,0,31.039,2,5
A33,1,0,10,0,15.605,3,5
A34,1,0,1,1,105.832,7,1
A34,1,0,2,1,20.431,6,1
A34,1,0,3,0,22.292,7,2
A34,1,0,4,0,21.4,3,2
A34,1,0,5,0,17.859,7,3
A34,1,0,6,0,21.978,7,3
A34,1,0,7,0,19.413,7,4
A34,1,0,8,1,41.674,7,4
A34,1,0,9,0,26.657,7,5
A34,1,0,10,0,65.158,7,5
A35,1,0,1,1,20.467,7,1
A35,1,0,2,1,13.525,7,1
A35,1,0,3,1,20.78,7,2
A35,1,0,4,1,16.354,7,2
A35,1,0,5,0,12.394,7,3
A35,1,0,6,1,15.039,7,3
A35,1,0,7,1,13.793,7,4
A35,1,0,8,0,28.354,7,4
A35,1,0,9,1,19.85,7,5
A35,1,0,10,0,16.413,6,5
A36,1,0,1,1,48.529,3,1
A36,1,0,2,1,24.324,3,1
A36,1,0,3,1,45.33,3,2
A36,1,0,4,0,22.912,6,2
A36,1,0,5,0,39.405,3,3
A36,1,0,6,1,41.62,3,3
A36,1,0,7,1,28.632,3,4
A36,1,0,8,1,77.065,3,4
A36,1,0,9,0,24.838,5,5
A36,1,0,10,0,53.454,3,5
A37,1,0,1,1,62.22,6,1
A37,1,0,2,1,38.897,3,1
A37,1,0,3,0,26.285,3,2
A37,1,0,4,1,27.831,7,2
A37,1,0,5,0,28.073,5,3
A37,1,0,6,1,22.106,7,3
A37,1,0,7,1,27.445,3,4
A37,1,0,8,1,64.714,6,4
A37,1,0,9,0,31.983,5,5
A37,1,0,10,0,33.172,3,5
A38,1,0,1,1,27.267,7,1
A38,1,0,2,1,25.565,7,1
A38,1,0,3,0,32.453,6,2
A38,1,0,4,1,24.17,7,2
A38,1,0,5,0,82.598,6,3
A38,1,0,6,1,563.152,7,3
A38,1,0,7,1,27.016,6,4
A38,1,0,8,1,30.187,6,4
A38,1,0,9,1,17.981,6,5
A38,1,0,10,0,27.442,6,5
A39,1,0,1,1,109.485,7,1
A39,1,0,2,1,15.999,7,1
A39,1,0,3,1,30.475,7,2
A39,1,0,4,1,25.482,7,2
A39,1,0,5,0,106.931,7,3
A39,1,0,6,1,62.839,7,3
A39,1,0,7,1,45.235,7,4
A39,1,0,8,0,32.481,7,4
A39,1,0,9,0,66.142,7,5
A39,1,0,10,0,26.745,7,5
A40,1,0,1,1,446.546,7,1
A40,1,0,2,1,13.547,7,1
A40,1,0,3,1,33.595,6,2
A40,1,0,4,1,13.844,3,2
A40,1,0,5,1,13.594,3,3
A40,1,0,6,0,295.196,3,3
A40,1,0,7,0,50.476,6,4
A40,1,0,8,1,25.052,7,4
A40,1,0,9,1,20.985,7,5
A40,1,0,10,0,22.235,6,5
A41,1,0,1,1,20.049,6,1
A41,1,0,2,1,13.922,6,1
A41,1,0,3,0,24.665,6,2
A41,1,0,4,1,12.763,3,2
A41,1,0,5,1,13.853,3,3
A41,1,0,6,1,18.945,6,3
A41,1,0,7,1,9.707,7,4
A41,1,0,8,1,14.697,6,4
A41,1,0,9,1,16.962,3,5
A41,1,0,10,0,22.801,3,5
A42,1,0,1,1,35.316,7,1
A42,1,0,2,1,10.193,7,1
A42,1,0,3,0,32.509,7,2
A42,1,0,4,1,12.861,6,2
A42,1,0,5,1,16.454,6,3
A42,1,0,6,1,30.352,7,3
A42,1,0,7,1,14.374,7,4
A42,1,0,8,1,36.292,7,4
A42,1,0,9,1,45.742,6,5
A42,1,0,10,0,27.169,3,5
A43,1,0,1,1,30.015,7,1
A43,1,0,2,1,18.079,6,1
A43,1,0,3,1,27.211,7,2
A43,1,0,4,1,16.104,3,2
A43,1,0,5,0,66.008,7,3
A43,1,0,6,1,31.395,7,3
A43,1,0,7,0,16.624,5,4
A43,1,0,8,0,27.033,7,4
A43,1,0,9,1,25.21,3,5
A43,1,0,10,0,33.655,6,5
A44,1,0,1,1,43.663,6,1
A44,1,0,2,1,20.567,3,1
A44,1,0,3,0,25.433,6,2
A44,1,0,4,0,38.298,5,2
A44,1,0,5,0,16.828,5,3
A44,1,0,6,1,12.493,3,3
A44,1,0,7,0,25.683,3,4
A44,1,0,8,1,36.692,3,4
A44,1,0,9,1,24.298,6,5
A44,1,0,10,0,23.077,3,5
A45,1,0,1,1,43.991,7,1
A45,1,0,2,1,48.45,7,1
A45,1,0,3,1,39.641,3,2
A45,1,0,4,1,17.134,6,2
A45,1,0,5,1,26.464,6,3
A45,1,0,6,1,59.026,7,3
A45,1,0,7,1,19.24,6,4
A45,1,0,8,1,37.09,3,4
A45,1,0,9,1,16.348,3,5
A45,1,0,10,0,27.834,3,5
A46,1,0,1,1,30.128,7,1
A46,1,0,2,0,48.906,3,1
A46,1,0,3,1,55.121,3,2
A46,1,0,4,1,20.988,3,2
A46,1,0,5,1,17.864,3,3
A46,1,0,6,0,19.195,3,3
A46,1,0,7,0,20.25,3,4
A46,1,0,8,1,32.767,6,4
A46,1,0,9,0,47.087,5,5
A46,1,0,10,0,20.191,3,5
A47,1,0,1,1,25.254,7,1
A47,1,0,2,1,19.36,7,1
A47,1,0,3,0,40.567,6,2
A47,1,0,4,1,27.055,6,2
A47,1,0,5,0,15.899,6,3
A47,1,0,6,1,25.172,7,3
A47,1,0,7,1,16.84,7,4
A47,1,0,8,1,73.548,7,4
A47,1,0,9,1,28.066,7,5
A47,1,0,10,0,35.591,3,5
A48,1,0,1,1,37.844,7,1
A48,1,0,2,1,15.307,7,1
A48,1,0,3,0,84.613,6,2
A48,1,0,4,0,39.133,5,2
A48,1,0,5,0,18.099,3,3
A48,1,0,6,1,27.898,6,3
A48,1,0,7,1,107.301,3,4
A48,1,0,8,1,39.104,7,4
A48,1,0,9,1,35.997,3,5
A48,1,0,10,0,57.36,3,5
A49,1,0,1,0,40.297,7,1
A49,1,0,2,1,28.048,7,1
A49,1,0,3,0,47.566,7,2
A49,1,0,4,1,18.278,7,2
A49,1,0,5,0,24.176,7,3
A49,1,0,6,1,30.194,7,3
A49,1,0,7,1,42.809,7,4
A49,1,0,8,1,29.043,7,4
A49,1,0,9,1,20.829,7,5
A49,1,0,10,0,62.677,7,5
A50,1,0,1,1,85.231,7,1
A50,1,0,2,1,75.38,6,1
A50,1,0,3,1,79.974,3,2
A50,1,0,4,1,47.206,6,2
A50,1,0,5,1,28.319,3,3
A50,1,0,6,0,72.045,7,3
A50,1,0,7,1,37.096,7,4
A50,1,0,8,1,60.955,7,4
A50,1,0,9,1,108.623,7,5
A50,1,0,10,0,60.081,3,5
A51,1,0,1,0,13.793,7,1
A51,1,0,2,1,15.48,7,1
A51,1,0,3,0,145.149,7,2
A51,1,0,4,1,92.245,1,2
A51,1,0,5,1,38.394,7,3
A51,1,0,6,0,67.589,7,3
A51,1,0,7,0,19.483,7,4
A51,1,0,8,1,25.089,7,4
A51,1,0,9,1,24.578,7,5
A51,1,0,10,1,126.944,3,5
A52,1,0,1,1,38.29,7,1
A52,1,0,2,1,28.917,7,1
A52,1,0,3,1,35.767,7,2
A52,1,0,4,1,17.437,7,2
A52,1,0,5,0,28.352,3,3
A52,1,0,6,1,162.541,7,3
A52,1,0,7,1,13.414,6,4
A52,1,0,8,1,29.359,7,4
A52,1,0,9,0,18.444,6,5
A52,1,0,10,0,31.793,6,5
A53,1,0,1,0,37.118,7,1
A53,1,0,2,1,23.878,3,1
A53,1,0,3,0,55.506,3,2
A53,1,0,4,0,35.783,7,2
A53,1,0,5,0,25.746,6,3
A53,1,0,6,1,30.228,7,3
A53,1,0,7,0,31.162,7,4
A53,1,0,8,0,30.339,7,4
A53,1,0,9,1,28.76,5,5
A53,1,0,10,0,33.871,3,5
A54,1,0,1,1,48.331,7,1
A54,1,0,2,1,23.918,7,1
A54,1,0,3,1,63.239,7,2
A54,1,0,4,1,51.576,7,2
A54,1,0,5,1,20.449,7,3
A54,1,0,6,1,54.064,7,3
A54,1,0,7,1,19.776,7,4
A54,1,0,8,1,81.591,7,4
A54,1,0,9,1,32.604,7,5
A54,1,0,10,0,48.775,7,5
A55,1,0,1,1,48.855,6,1
A55,1,0,2,1,11.903,7,1
A55,1,0,3,1,28.947,3,2
A55,1,0,4,1,14.472,3,2
A55,1,0,5,1,24.213,3,3
A55,1,0,6,1,64.676,7,3
A55,1,0,7,1,16.472,7,4
A55,1,0,8,0,19.289,7,4
A55,1,0,9,1,24.463,5,5
A55,1,0,10,0,20.677,6,5
A56,1,0,1,1,48.798,6,1
A56,1,0,2,1,20.726,6,1
A56,1,0,3,0,33.929,6,2
A56,1,0,4,1,25.573,6,2
A56,1,0,5,0,30.161,6,3
A56,1,0,6,1,34.201,6,3
A56,1,0,7,1,44.443,6,4
A56,1,0,8,1,27.331,6,4
A56,1,0,9,0,35.315,3,5
A56,1,0,10,0,29.516,3,5
A57,1,0,1,1,65.593,7,1
A57,1,0,2,1,24.246,7,1
A57,1,0,3,1,88.998,7,2
A57,1,0,4,0,48.269,7,2
A57,1,0,5,0,36.932,6,3
A57,1,0,6,1,37.586,3,3
A57,1,0,7,0,41.3,7,4
A57,1,0,8,1,62.924,6,4
A57,1,0,9,0,55.594,3,5
A57,1,0,10,0,62.068,3,5
A58,1,0,1,1,49.617,7,1
A58,1,0,2,1,22.501,7,1
A58,1,0,3,0,45.152,3,2
A58,1,0,4,1,36.261,6,2
A58,1,0,5,0,34.941,6,3
A58,1,0,6,1,51.612,6,3
A58,1,0,7,1,31.674,6,4
A58,1,0,8,1,73.625,6,4
A58,1,0,9,1,56.195,3,5
A58,1,0,10,0,69.669,3,5
A59,1,0,1,1,72.701,7,1
A59,1,0,2,1,13.532,7,1
A59,1,0,3,1,46.315,7,2
A59,1,0,4,1,59.143,7,2
A59,1,0,5,1,46.042,7,3
A59,1,0,6,1,61.41,7,3
A59,1,0,7,1,40.381,6,4
A59,1,0,8,1,62.108,7,4
A59,1,0,9,0,36.31,2,5
A59,1,0,10,0,70.434,3,5
A60,1,0,1,1,16.686,3,1
A60,1,0,2,1,19.959,6,1
A60,1,0,3,0,19.965,6,2
A60,1,0,4,0,18.101,6,2
A60,1,0,5,0,88.521,6,3
A60,1,0,6,1,12.607,6,3
A60,1,0,7,1,11.563,6,4
A60,1,0,8,0,17.497,6,4
A60,1,0,9,1,9.763,6,5
A60,1,0,10,0,13.255,6,5
J01,0,0,1,0,7.785,7,1
J01,0,0,2,1,26.316,7,1
J01,0,0,3,0,27.895,7,2
J01,0,0,4,0,31.86,3,2
J01,0,0,5,0,16.501,3,3
J01,0,0,6,1,24.704,6,3
J01,0,0,7,1,36.056,3,4
J01,0,0,8,0,36.873,3,4
J01,0,0,9,0,18.744,3,5
J01,0,0,10,0,23.98,6,5
J02,0,0,1,1,44.774,6,1
J02,0,0,2,1,17.978,7,1
J02,0,0,3,0,25.571,6,2
J02,0,0,4,1,13.149,3,2
J02,0,0,5,0,45.284,6,3
J02,0,0,6,1,24.164,3,3
J02,0,0,7,1,17.723,6,4
J02,0,0,8,1,31.295,3,4
J02,0,0,9,0,30.897,5,5
J02,0,0,10,0,24.44,2,5
J04,0,0,1,0,25.428,6,1
J04,0,0,2,0,11.93,7,1
J04,0,0,3,0,24.914,7,2
J04,0,0,4,0,11.406,7,2
J04,0,0,5,0,12.688,7,3
J04,0,0,6,1,17.993,6,3
J04,0,0,7,0,16.056,7,4
J04,0,0,8,0,24.671,5,4
J04,0,0,9,1,9.943,6,5
J04,0,0,10,0,19.993,6,5
J05,0,0,1,1,23.341,6,1
J05,0,0,2,1,77.948,7,1
J05,0,0,3,1,19.791,6,2
J05,0,0,4,1,12.616,7,2
J05,0,0,5,0,14.596,6,3
J05,0,0,6,1,20.079,6,3
J05,0,0,7,1,19.406,3,4
J05,0,0,8,0,31.679,6,4
J05,0,0,9,0,31.183,3,5
J05,0,0,10,0,74.104,3,5
J06,0,0,1,1,45.268,5,1
J06,0,0,2,1,15.232,3,1
J06,0,0,3,0,24.005,3,2
J06,0,0,4,1,17.817,6,2
J06,0,0,5,0,16.71,6,3
J06,0,0,6,1,31.642,6,3
J06,0,0,7,0,25.449,5,4
J06,0,0,8,1,33.047,6,4
J06,0,0,9,0,15.015,3,5
J06,0,0,10,0,21.688,3,5
J07,0,0,1,0,43.46,3,1
J07,0,0,2,1,19.868,7,1
J07,0,0,3,0,25.832,6,2
J07,0,0,4,1,13.809,3,2
J07,0,0,5,0,18.838,6,3
J07,0,0,6,0,43.281,3,3
J07,0,0,7,1,13.42,3,4
J07,0,0,8,1,40.723,3,4
J07,0,0,9,1,21.263,7,5
J07,0,0,10,0,56.289,7,5
J09,0,0,1,0,20.552,6,1
J09,0,0,2,1,7.26,7,1
J09,0,0,3,0,21.885,7,2
J09,0,0,4,0,18.917,3,2
J09,0,0,5,0,13.996,3,3
J09,0,0,6,0,31.487,7,3
J09,0,0,7,0,12.471,7,4
J09,0,0,8,0,28.769,6,4
J09,0,0,9,0,15.17,3,5
J09,0,0,10,0,15.028,6,5
J10,0,0,1,0,75.035,3,1
J10,0,0,2,1,16.671,3,1
J10,0,0,3,1,36.322,3,2
J10,0,0,4,1,30.43,3,2
J10,0,0,5,0,31.169,6,3
J10,0,0,6,1,61.331,3,3
J10,0,0,7,1,140.736,6,4
J10,0,0,8,0,44.308,3,4
J10,0,0,9,0,25.326,3,5
J10,0,0,10,0,35.072,3,5
J13,0,0,1,1,76.49,6,1
J13,0,0,2,1,19.761,6,1
J13,0,0,3,1,22.569,3,2
J13,0,0,4,1,23.645,7,2
J13,0,0,5,0,29.978,6,3
J13,0,0,6,0,30.557,2,3
J13,0,0,7,1,8.904,6,4
J13,0,0,8,0,30.82,6,4
J13,0,0,9,0,11.968,6,5
J13,0,0,10,1,41.863,3,5
J14,0,0,1,1,46.112,6,1
J14,0,0,2,0,13.621,6,1
J14,0,0,3,0,15.07,7,2
J14,0,0,4,1,9.13,7,2
J14,0,0,5,0,25.853,7,3
J14,0,0,6,1,16.833,6,3
J14,0,0,7,1,13.304,6,4
J14,0,0,8,0,14.861,6,4
J14,0,0,9,0,13.401,5,5
J14,0,0,10,0,14.715,6,5
J15,0,0,1,1,40.703,6,1
J15,0,0,2,1,15.245,7,1
J15,0,0,3,0,23.793,6,2
J15,0,0,4,1,38.514,7,2
J15,0,0,5,0,12.133,6,3
J15,0,0,6,1,31.516,3,3
J15,0,0,7,1,21.742,6,4
J15,0,0,8,0,21.907,3,4
J15,0,0,9,0,16.354,5,5
J15,0,0,10,0,30.359,5,5
J17,0,0,1,1,44.936,6,1
J17,0,0,2,1,13.996,7,1
J17,0,0,3,0,22.219,6,2
J17,0,0,4,1,15.338,6,2
J17,0,0,5,0,28.132,5,3
J17,0,0,6,0,35.382,7,3
J17,0,0,7,0,18.311,6,4
J17,0,0,8,0,44.852,6,4
J17,0,0,9,0,28.284,6,5
J17,0,0,10,0,35.008,5,5
J18,0,0,1,1,15.21,6,1
J18,0,0,2,1,8.362,6,1
J18,0,0,3,0,12.778,3,2
J18,0,0,4,1,9.881,3,2
J18,0,0,5,0,22.038,5,3
J18,0,0,6,1,13.18,3,3
J18,0,0,7,1,9.769,3,4
J18,0,0,8,0,16.935,3,4
J18,0,0,9,0,14.258,4,5
J18,0,0,10,0,22.876,3,5
J19,0,0,1,1,39.843,3,1
J19,0,0,2,1,20.105,7,1
J19,0,0,3,1,29.592,6,2
J19,0,0,4,1,16.751,3,2
J19,0,0,5,0,19.974,3,3
J19,0,0,6,0,36.138,5,3
J19,0,0,7,0,15.943,5,4
J19,0,0,8,1,25.725,3,4
J19,0,0,9,0,26.336,5,5
J19,0,0,10,0,26.443,2,5
J21,0,0,1,1,52.197,6,1
J21,0,0,2,1,23.356,7,1
J21,0,0,3,0,28.139,6,2
J21,0,0,4,1,13.827,6,2
J21,0,0,5,0,50.724,6,3
J21,0,0,6,0,19.547,3,3
J21,0,0,7,0,20.497,3,4
J21,0,0,8,0,12.201,5,4
J21,0,0,9,1,24.151,5,5
J21,0,0,10,1,16.625,5,5
J22,0,0,1,0,28.802,7,1
J22,0,0,2,0,15.298,7,1
J22,0,0,3,0,21.025,7,2
J22,0,0,4,0,23.539,7,2
J22,0,0,5,0,26.163,7,3
J22,0,0,6,1,34.859,6,3
J22,0,0,7,1,55.36,3,4
J22,0,0,8,0,47.114,5,4
J22,0,0,9,1,24.045,5,5
J22,0,0,10,0,71.291,5,5
J23,0,0,1,1,36.786,7,1
J23,0,0,2,1,80.368,7,1
J23,0,0,3,0,48.754,3,2
J23,0,0,4,1,15.974,7,2
J23,0,0,5,0,40.115,3,3
J23,0,0,6,1,47.239,3,3
J23,0,0,7,0,34.104,3,4
J23,0,0,8,0,70.809,3,4
J23,0,0,9,0,23.498,3,5
J23,0,0,10,0,42.648,3,5
J24,0,0,1,0,32.801,6,1
J24,0,0,2,1,24.788,6,1
J24,0,0,3,1,19.695,7,2
J24,0,0,4,0,30.786,5,2
J24,0,0,5,0,39.423,6,3
J24,0,0,6,1,43.251,6,3
J24,0,0,7,1,40.088,3,4
J24,0,0,8,0,37.023,6,4
J24,0,0,9,1,19.115,5,5
J24,0,0,10,0,36.638,3,5
J25,0,0,1,1,80.099,6,1
J25,0,0,2,1,42.951,6,1
J25,0,0,3,0,51.408,6,2
J25,0,0,4,1,20.646,7,2
J25,0,0,5,0,44.854,2,3
J25,0,0,6,1,56.256,2,3
J25,0,0,7,1,30.822,3,4
J25,0,0,8,0,50.725,2,4
J25,0,0,9,1,55.495,2,5
J25,0,0,10,1,56.929,2,5
J28,0,0,1,1,109.601,6,1
J28,0,0,2,1,20.203,7,1
J28,0,0,3,0,42.901,6,2
J28,0,0,4,1,19.935,7,2
J28,0,0,5,0,24.564,6,3
J28,0,0,6,0,31.285,6,3
J28,0,0,7,1,38.762,6,4
J28,0,0,8,0,90.331,2,4
J28,0,0,9,0,46.079,5,5
J28,0,0,10,0,19.833,2,5
J29,0,0,1,1,25.852,3,1
J29,0,0,2,1,10.322,7,1
J29,0,0,3,1,77.753,7,2
J29,0,0,4,0,12.303,3,2
J29,0,0,5,1,22.31,3,3
J29,0,0,6,1,30.605,3,3
J29,0,0,7,0,13.235,6,4
J29,0,0,8,0,45.531,6,4
J29,0,0,9,1,21.345,3,5
J29,0,0,10,0,39.645,6,5
J30,0,0,1,1,74.85,6,1
J30,0,0,2,1,16.324,7,1
J30,0,0,3,1,35.736,7,2
J30,0,0,4,1,22.202,7,2
J30,0,0,5,0,40.017,6,3
J30,0,0,6,1,98.925,6,3
J30,0,0,7,0,18.46,6,4
J30,0,0,8,0,71.889,6,4
J30,0,0,9,0,50.67,6,5
J30,0,0,10,0,46.009,6,5
J32,0,0,1,1,66.629,3,1
J32,0,0,2,1,16.976,3,1
J32,0,0,3,1,58.144,6,2
J32,0,0,4,0,23.508,6,2
J32,0,0,5,0,23.64,6,3
J32,0,0,6,1,28.118,7,3
J32,0,0,7,1,31.575,6,4
J32,0,0,8,0,38.355,7,4
J32,0,0,9,0,22.804,3,5
J32,0,0,10,0,46.074,3,5
J33,0,0,1,0,26.992,3,1
J33,0,0,2,1,41.168,6,1
J33,0,0,3,0,21.129,3,2
J33,0,0,4,0,6.058,6,2
J33,0,0,5,0,15.085,5,3
J33,0,0,6,1,8.346,3,3
J33,0,0,7,0,15.114,6,4
J33,0,0,8,0,10.903,5,4
J33,0,0,9,0,7.435,6,5
J33,0,0,10,0,9.432,3,5
J34,0,0,1,1,46.367,6,1
J34,0,0,2,1,15.202,6,1
J34,0,0,3,1,26.059,3,2
J34,0,0,4,1,17.922,7,2
J34,0,0,5,0,29.178,3,3
J34,0,0,6,1,22.537,3,3
J34,0,0,7,1,13.072,6,4
J34,0,0,8,1,29.44,3,4
J34,0,0,9,0,14.192,3,5
J34,0,0,10,0,27.326,3,5
J35,0,0,1,0,36.602,6,1
J35,0,0,2,1,14.279,7,1
J35,0,0,3,0,34.464,6,2
J35,0,0,4,1,18.746,7,2
J35,0,0,5,0,24.594,3,3
J35,0,0,6,0,31.665,6,3
J35,0,0,7,1,13.836,3,4
J35,0,0,8,0,37.682,7,4
J35,0,0,9,0,13.186,7,5
J35,0,0,10,0,24.838,6,5
J37,0,0,1,1,56.549,6,1
J37,0,0,2,1,34.179,7,1
J37,0,0,3,0,63.988,3,2
J37,0,0,4,1,26.584,7,2
J37,0,0,5,0,47.12,3,3
J37,0,0,6,1,58.007,3,3
J37,0,0,7,1,19.8,6,4
J37,0,0,8,1,72.894,6,4
J37,0,0,9,0,27.888,5,5
J37,0,0,10,0,44.061,3,5
J38,0,0,1,0,46.069,6,1
J38,0,0,2,1,11.62,7,1
J38,0,0,3,1,20.078,6,2
J38,0,0,4,1,9.191,7,2
J38,0,0,5,0,6.844,7,3
J38,0,0,6,0,23.688,5,3
J38,0,0,7,1,7.769,7,4
J38,0,0,8,0,19.419,7,4
J38,0,0,9,0,15.194,5,5
J38,0,0,10,1,19.341,3,5
J40,0,0,1,0,53.755,3,1
J40,0,0,2,1,19.549,7,1
J40,0,0,3,1,52.544,6,2
J40,0,0,4,1,17.257,7,2
J40,0,0,5,0,26.033,7,3
J40,0,0,6,1,47.414,6,3
J40,0,0,7,1,21.333,7,4
J40,0,0,8,1,48.994,6,4
J40,0,0,9,0,33.556,3,5
J40,0,0,10,0,67.418,6,5
J43,0,0,1,1,20.742,6,1
J43,0,0,2,1,11.921,7,1
J43,0,0,3,0,18.173,6,2
J43,0,0,4,0,10.558,3,2
J43,0,0,5,0,22.682,6,3
J43,0,0,6,1,23.109,3,3
J43,0,0,7,1,10.897,7,4
J43,0,0,8,0,23.731,6,4
J43,0,0,9,0,16.336,3,5
J43,0,0,10,0,16.501,6,5
J45,0,0,1,1,33.078,7,1
J45,0,0,2,1,14.844,7,1
J45,0,0,3,0,26.96,7,2
J45,0,0,4,1,14.655,7,2
J45,0,0,5,0,20.79,7,3
J45,0,0,6,1,25.997,5,3
J45,0,0,7,0,24.816,5,4
J45,0,0,8,0,18.515,3,4
J45,0,0,9,0,16.727,6,5
J45,0,0,10,0,19.235,3,5
J46,0,0,1,0,74.372,6,1
J46,0,0,2,1,13.623,6,1
J46,0,0,3,1,57.065,6,2
J46,0,0,4,1,13.856,6,2
J46,0,0,5,0,24.87,6,3
J46,0,0,6,0,46.587,5,3
J46,0,0,7,1,15.198,6,4
J46,0,0,8,0,51.553,5,4
J46,0,0,9,0,42.891,6,5
J46,0,0,10,0,71.875,5,5
J47,0,0,1,0,47.998,3,1
J47,0,0,2,1,14.698,6,1
J47,0,0,3,1,14.488,6,2
J47,0,0,4,1,12.779,7,2
J47,0,0,5,0,14.674,6,3
J47,0,0,6,1,31.423,3,3
J47,0,0,7,1,23.313,6,4
J47,0,0,8,0,31.372,4,4
J47,0,0,9,0,23.233,3,5
J47,0,0,10,0,28.119,3,5
J48,0,0,1,0,150.729,6,1
J48,0,0,2,1,80.924,7,1
J48,0,0,3,0,22.493,6,2
J48,0,0,4,1,41.097,7,2
J48,0,0,5,0,48.558,6,3
J48,0,0,6,0,57.14,3,3
J48,0,0,7,1,19.286,6,4
J48,0,0,8,0,22.864,6,4
J48,0,0,9,1,76.804,3,5
J48,0,0,10,0,19.142,6,5
J49,0,0,1,1,31.391,3,1
J49,0,0,2,1,12.633,7,1
J49,0,0,3,0,18.877,6,2
J49,0,0,4,1,13.571,7,2
J49,0,0,5,0,16.141,3,3
J49,0,0,6,1,27.706,3,3
J49,0,0,7,1,20.166,3,4
J49,0,0,8,0,33.003,6,4
J49,0,0,9,1,22.987,3,5
J49,0,0,10,0,29.709,6,5
J50,0,0,1,1,32.675,6,1
J50,0,0,2,1,33.322,7,1
J50,0,0,3,1,31.616,6,2
J50,0,0,4,1,17.956,7,2
J50,0,0,5,0,35.73,3,3
J50,0,0,6,1,147.689,7,3
J50,0,0,7,1,24.179,7,4
J50,0,0,8,0,136.201,6,4
J50,0,0,9,1,19.018,3,5
J50,0,0,10,0,52.123,3,5
J51,0,0,1,0,59.8,5,1
J51,0,0,2,1,18.842,6,1
J51,0,0,3,0,63.676,3,2
J51,0,0,4,1,30.506,6,2
J51,0,0,5,0,37.228,3,3
J51,0,0,6,1,26.116,3,3
J51,0,0,7,1,36.274,5,4
J51,0,0,8,0,52.385,3,4
J51,0,0,9,0,36.752,5,5
J51,0,0,10,0,58.175,5,5
J53,0,0,1,1,37.237,3,1
J53,0,0,2,0,16.39,6,1
J53,0,0,3,0,13.857,6,2
J53,0,0,4,0,12.202,3,2
J53,0,0,5,0,11.757,3,3
J53,0,0,6,0,22.021,5,3
J53,0,0,7,1,15.03,3,4
J53,0,0,8,0,30.083,2,4
J53,0,0,9,1,12.024,3,5
J53,0,0,10,0,17.323,3,5
J54,0,0,1,0,96.287,5,1
J54,0,0,2,1,18.074,7,1
J54,0,0,3,0,40.639,7,2
J54,0,0,4,1,32.296,7,2
J54,0,0,5,0,18.749,3,3
J54,0,0,6,0,39.984,6,3
J54,0,0,7,1,16.764,7,4
J54,0,0,8,0,65.901,6,4
J54,0,0,9,0,20.445,3,5
J54,0,0,10,0,40.291,7,5
J55,0,0,1,0,49.795,7,1
J55,0,0,2,1,32.697,6,1
J55,0,0,3,0,18.81,6,2
J55,0,0,4,1,17.312,7,2
J55,0,0,5,0,31.534,6,3
J55,0,0,6,1,52.888,3,3
J55,0,0,7,0,26.947,5,4
J55,0,0,8,0,32.77,3,4
J55,0,0,9,0,25.555,5,5
J55,0,0,10,0,41.139,3,5
J56,0,0,1,0,55.455,5,1
J56,0,0,2,1,26.62,5,1
J56,0,0,3,1,28.332,5,2
J56,0,0,4,0,14.829,5,2
J56,0,0,5,0,11.499,5,3
J56,0,0,6,0,71.865,6,3
J56,0,0,7,0,28.557,7,4
J56,0,0,8,0,64.832,5,4
J56,0,0,9,1,25.457,5,5
J56,0,0,10,0,23.775,5,5
J58,0,0,1,1,63.618,3,1
J58,0,0,2,1,27.547,7,1
J58,0,0,3,1,100.216,6,2
J58,0,0,4,1,26.248,7,2
J58,0,0,5,0,51.693,6,3
J58,0,0,6,1,69.565,3,3
J58,0,0,7,1,40.825,6,4
J58,0,0,8,1,63.283,3,4
J58,0,0,9,0,67.427,5,5
J58,0,0,10,0,44.185,3,5
R03,0,1,1,0,38.943,7,1
R03,0,1,2,1,34.725,6,1
R03,0,1,3,0,51.019,6,2
R03,0,1,4,0,21.094,3,2
R03,0,1,5,0,19.136,2,3
R03,0,1,6,1,26.219,3,3
R03,0,1,7,1,14.567,2,4
R03,0,1,8,1,20.86,3,4
R03,0,1,9,1,32.608,3,5
R03,0,1,10,0,37.879,2,5
R04,0,1,1,1,32.797,7,1
R04,0,1,2,0,14.124,7,1
R04,0,1,3,0,16.045,7,2
R04,0,1,4,0,24.643,7,2
R04,0,1,5,0,10.982,7,3
R04,0,1,6,1,22.114,7,3
R04,0,1,7,1,18.291,2,4
R04,0,1,8,0,46.679,7,4
R04,0,1,9,1,26.937,7,5
R04,0,1,10,0,46.594,3,5
R05,0,1,1,1,41.795,3,1
R05,0,1,2,1,41.17,6,1
R05,0,1,3,0,20.7,5,2
R05,0,1,4,0,9.957,3,2
R05,0,1,5,0,26.41,3,3
R05,0,1,6,1,35.862,3,3
R05,0,1,7,1,22.929,2,4
R05,0,1,8,1,37.357,7,4
R05,0,1,9,0,17.921,3,5
R05,0,1,10,0,16.761,3,5
R06,0,1,1,1,35.955,7,1
R06,0,1,2,1,13.424,7,1
R06,0,1,3,1,79.309,7,2
R06,0,1,4,1,11.222,7,2
R06,0,1,5,1,92.216,6,3
R06,0,1,6,1,29.263,7,3
R06,0,1,7,1,37.769,2,4
R06,0,1,8,1,59.286,7,4
R06,0,1,9,1,22.675,7,5
R06,0,1,10,0,41.465,3,5
R07,0,1,1,1,24.903,7,1
R07,0,1,2,1,10.484,7,1
R07,0,1,3,1,24.949,7,2
R07,0,1,4,0,11.727,6,2
R07,0,1,5,0,9.435,6,3
R07,0,1,6,1,11.378,7,3
R07,0,1,7,0,17.334,2,4
R07,0,1,8,1,26.877,6,4
R07,0,1,9,0,17.314,6,5
R07,0,1,10,0,14.318,6,5
R08,0,1,1,1,75.795,7,1
R08,0,1,2,1,14.709,7,1
R08,0,1,3,0,42.918,7,2
R08,0,1,4,0,25.226,3,2
R08,0,1,5,1,22.536,3,3
R08,0,1,6,1,23.451,7,3
R08,0,1,7,1,13.398,2,4
R08,0,1,8,1,35.167,7,4
R08,0,1,9,1,30.244,7,5
R08,0,1,10,0,35.694,6,5
R09,0,1,1,1,59.396,7,1
R09,0,1,2,1,14.767,3,1
R09,0,1,3,1,22.185,6,2
R09,0,1,4,1,13.036,3,2
R09,0,1,5,1,16.35,3,3
R09,0,1,6,0,22.055,3,3
R09,0,1,7,1,10.473,2,4
R09,0,1,8,1,21.685,6,4
R09,0,1,9,0,12.115,3,5
R09,0,1,10,0,20.662,3,5
R10,0,1,1,1,57.019,6,1
R10,0,1,2,1,14.657,7,1
R10,0,1,3,0,41.801,6,2
R10,0,1,4,1,45.444,6,2
R10,0,1,5,0,26.532,6,3
R10,0,1,6,1,36.566,6,3
R10,0,1,7,1,18.581,2,4
R10,0,1,8,1,76.492,6,4
R10,0,1,9,0,21.338,6,5
R10,0,1,10,1,98.72,6,5
R11,0,1,1,1,56.572,7,1
R11,0,1,2,1,16.909,7,1
R11,0,1,3,0,39.938,6,2
R11,0,1,4,1,26.295,6,2
R11,0,1,5,0,16.405,6,3
R11,0,1,6,1,38.696,6,3
R11,0,1,7,1,11.996,2,4
R11,0,1,8,0,38.807,3,4
R11,0,1,9,1,30.75,3,5
R11,0,1,10,0,31.444,3,5
R12,0,1,1,1,49.113,7,1
R12,0,1,2,1,54.071,7,1
R12,0,1,3,1,75.58,7,2
R12,0,1,4,1,51.742,6,2
R12,0,1,5,1,30.999,3,3
R12,0,1,6,1,34.02,7,3
R12,0,1,7,1,23.764,2,4
R12,0,1,8,1,39.919,7,4
R12,0,1,9,1,50.901,7,5
R12,0,1,10,0,36.551,3,5
R13,0,1,1,1,50.596,7,1
R13,0,1,2,1,15.436,6,1
R13,0,1,3,1,35.801,6,2
R13,0,1,4,0,17.701,6,2
R13,0,1,5,0,22.937,6,3
R13,0,1,6,1,22.893,7,3
R13,0,1,7,1,23.352,2,4
R13,0,1,8,1,34.134,3,4
R13,0,1,9,1,19.36,7,5
R13,0,1,10,0,28.525,6,5
R14,0,1,1,1,22.449,7,1
R14,0,1,2,1,18.867,7,1
R14,0,1,3,0,13.183,6,2
R14,0,1,4,1,10.127,7,2
R14,0,1,5,1,26.876,6,3
R14,0,1,6,1,17.556,7,3
R14,0,1,7,0,14.629,2,4
R14,0,1,8,1,27.88,7,4
R14,0,1,9,1,30.946,7,5
R14,0,1,10,1,24.454,6,5
R15,0,1,1,1,30.101,7,1
R15,0,1,2,0,24.162,7,1
R15,0,1,3,1,33.468,7,2
R15,0,1,4,0,24.388,6,2
R15,0,1,5,0,14.595,6,3
R15,0,1,6,1,27.13,3,3
R15,0,1,7,1,10.38,2,4
R15,0,1,8,1,51.044,6,4
R15,0,1,9,1,31.436,3,5
R15,0,1,10,0,35.313,3,5
R16,0,1,1,1,51.509,7,1
R16,0,1,2,1,15.657,7,1
R16,0,1,3,1,46.773,7,2
R16,0,1,4,1,53.327,2,2
R16,0,1,5,1,23.846,4,3
R16,0,1,6,1,30.559,7,3
R16,0,1,7,1,11.557,2,4
R16,0,1,8,1,45.974,6,4
R16,0,1,9,1,34.518,2,5
R16,0,1,10,0,26.968,3,5
R19,0,1,1,1,37.058,6,1
R19,0,1,2,1,17.198,7,1
R19,0,1,3,0,49.229,7,2
R19,0,1,4,0,36.013,7,2
R19,0,1,5,0,19.061,7,3
R19,0,1,6,0,32.891,3,3
R19,0,1,7,1,16.456,2,4
R19,0,1,8,0,56.955,6,4
R19,0,1,9,0,67.29,3,5
R19,0,1,10,0,36.376,3,5
R20,0,1,1,1,60.457,7,1
R20,0,1,2,1,8.505,7,1
R20,0,1,3,0,20.808,7,2
R20,0,1,4,1,20.815,3,2
R20,0,1,5,0,9.926,3,3
R20,0,1,6,1,32.416,7,3
R20,0,1,7,1,8.764,2,4
R20,0,1,8,0,45.886,6,4
R20,0,1,9,0,19.551,3,5
R20,0,1,10,0,22.026,3,5
R21,0,1,1,1,28.206,7,1
R21,0,1,2,1,12.788,7,1
R21,0,1,3,1,51.272,6,2
R21,0,1,4,1,26.875,3,2
R21,0,1,5,0,55.495,3,3
R21,0,1,6,0,53.154,3,3
R21,0,1,7,1,13.399,2,4
R21,0,1,8,0,42.859,3,4
R21,0,1,9,0,41.949,5,5
R21,0,1,10,0,46.192,3,5
R22,0,1,1,1,41.747,6,1
R22,0,1,2,1,27.196,6,1
R22,0,1,3,1,65.625,3,2
R22,0,1,4,1,15.428,6,2
R22,0,1,5,1,15.975,3,3
R22,0,1,6,1,30.442,6,3
R22,0,1,7,1,18.919,2,4
R22,0,1,8,0,29.767,6,4
R22,0,1,9,1,39.161,3,5
R22,0,1,10,0,32.892,3,5
R23,0,1,1,1,33.747,7,1
R23,0,1,2,1,45.105,6,1
R23,0,1,3,1,26.089,7,2
R23,0,1,4,0,7.438,7,2
R23,0,1,5,0,11.694,7,3
R23,0,1,6,1,35.866,7,3
R23,0,1,7,1,8.699,2,4
R23,0,1,8,1,29.432,6,4
R23,0,1,9,1,32.575,6,5
R23,0,1,10,0,34.957,7,5
R24,0,1,1,1,32.38,7,1
R24,0,1,2,1,19.986,6,1
R24,0,1,3,0,17.476,6,2
R24,0,1,4,1,14.797,3,2
R24,0,1,5,1,13.89,6,3
R24,0,1,6,1,27.436,6,3
R24,0,1,7,0,34.251,4,4
R24,0,1,8,1,80.986,3,4
R24,0,1,9,0,12.964,6,5
R24,0,1,10,1,19.073,3,5
R25,0,1,1,1,58.403,7,1
R25,0,1,2,1,27.207,3,1
R25,0,1,3,0,41.385,7,2
R25,0,1,4,1,16.109,7,2
R25,0,1,5,0,23.675,7,3
R25,0,1,6,1,27.574,6,3
R25,0,1,7,1,12.357,2,4
R25,0,1,8,0,27.557,3,4
R25,0,1,9,1,29.098,6,5
R25,0,1,10,0,25.374,3,5
R26,0,1,1,1,38.881,1,1
R26,0,1,2,1,22.409,7,1
R26,0,1,3,0,20.955,7,2
R26,0,1,4,0,20.997,7,2
R26,0,1,5,0,84.948,6,3
R26,0,1,6,1,71.688,7,3
R26,0,1,7,1,24.523,1,4
R26,0,1,8,1,29.475,7,4
R26,0,1,9,1,16.868,5,5
R26,0,1,10,1,62.239,7,5
R27,0,1,1,1,40.25,7,1
R27,0,1,2,1,33.281,7,1
R27,0,1,3,1,93.828,7,2
R27,0,1,4,1,46.147,6,2
R27,0,1,5,0,22.406,6,3
R27,0,1,6,1,34.63,7,3
R27,0,1,7,1,17.08,2,4
R27,0,1,8,1,30.439,7,4
R27,0,1,9,1,60.152,7,5
R27,0,1,10,0,26.596,7,5
R28,0,1,1,1,16.343,7,1
R28,0,1,2,1,63.139,7,1
R28,0,1,3,1,31.289,7,2
R28,0,1,4,1,20.921,3,2
R28,0,1,5,1,9.667,3,3
R28,0,1,6,1,93.704,7,3
R28,0,1,7,1,10.143,2,4
R28,0,1,8,1,23.684,6,4
R28,0,1,9,0,35.094,3,5
R28,0,1,10,0,24.151,3,5
R29,0,1,1,1,36.606,6,1
R29,0,1,2,1,14.503,6,1
R29,0,1,3,0,47.336,6,2
R29,0,1,4,1,38.796,6,2
R29,0,1,5,1,22.75,6,3
R29,0,1,6,1,30.003,6,3
R29,0,1,7,1,22.384,2,4
R29,0,1,8,1,45.451,3,4
R29,0,1,9,1,32.274,3,5
R29,0,1,10,0,34.492,6,5
R30,0,1,1,1,21.203,7,1
R30,0,1,2,1,11.144,7,1
R30,0,1,3,0,34.406,7,2
R30,0,1,4,1,26.428,7,2
R30,0,1,5,1,26.995,6,3
R30,0,1,6,1,19.062,7,3
R30,0,1,7,1,18.477,2,4
R30,0,1,8,0,37.908,7,4
R30,0,1,9,1,23.058,6,5
R30,0,1,10,0,26.064,3,5
R31,0,1,1,1,34.736,6,1
R31,0,1,2,1,25.199,6,1
R31,0,1,3,1,24.465,6,2
R31,0,1,4,1,11.132,6,2
R31,0,1,5,1,20.546,3,3
R31,0,1,6,1,37.008,6,3
R31,0,1,7,1,14.469,2,4
R31,0,1,8,1,80.639,6,4
R31,0,1,9,0,41.455,3,5
R31,0,1,10,0,63.439,3,5
R32,0,1,1,1,32.306,7,1
R32,0,1,2,1,8.704,7,1
R32,0,1,3,1,26.532,3,2
R32,0,1,4,0,13.097,6,2
R32,0,1,5,0,16.678,3,3
R32,0,1,6,0,141.636,3,3
R32,0,1,7,1,16.295,2,4
R32,0,1,8,0,24.822,3,4
R32,0,1,9,0,46.506,5,5
R32,0,1,10,0,24.565,3,5
R33,0,1,1,0,54.52,5,1
R33,0,1,2,0,14.847,5,1
R33,0,1,3,1,45.406,1,2
R33,0,1,4,0,35.746,4,2
R33,0,1,5,0,50.693,4,3
R33,0,1,6,0,17.984,1,3
R33,0,1,7,0,29.849,2,4
R33,0,1,8,0,32.855,1,4
R33,0,1,9,0,23.644,5,5
R33,0,1,10,0,25.31,1,5
R35,0,1,1,1,53.885,7,1
R35,0,1,2,1,23.513,7,1
R35,0,1,3,1,55.243,7,2
R35,0,1,4,1,21.876,3,2
R35,0,1,5,1,21.28,3,3
R35,0,1,6,1,44.486,6,3
R35,0,1,7,1,21.165,2,4
R35,0,1,8,1,34.09,7,4
R35,0,1,9,1,48.325,6,5
R35,0,1,10,0,61.384,5,5
R36,0,1,1,1,41.574,7,1
R36,0,1,2,1,19.189,7,1
R36,0,1,3,0,56.218,7,2
R36,0,1,4,1,28.584,3,2
R36,0,1,5,1,12.029,6,3
R36,0,1,6,1,23.04,7,3
R36,0,1,7,1,8.979,2,4
R36,0,1,8,1,22.292,7,4
R36,0,1,9,1,19.676,7,5
R36,0,1,10,0,34.651,3,5
R37,0,1,1,1,53.182,7,1
R37,0,1,2,1,28.133,7,1
R37,0,1,3,0,47.737,6,2
R37,0,1,4,1,17.559,6,2
R37,0,1,5,0,57.718,3,3
R37,0,1,6,1,90.566,3,3
R37,0,1,7,1,44.959,2,4
R37,0,1,8,0,90.171,3,4
R37,0,1,9,0,34.46,6,5
R37,0,1,10,0,73.342,5,5
R38,0,1,1,1,77.357,7,1
R38,0,1,2,1,24.912,7,1
R38,0,1,3,0,34.243,7,2
R38,0,1,4,0,46.721,3,2
R38,0,1,5,0,67.858,3,3
R38,0,1,6,1,93.312,6,3
R38,0,1,7,1,22.749,2,4
R38,0,1,8,1,59.749,7,4
R38,0,1,9,1,58.36,6,5
R38,0,1,10,1,82.96,3,5
R39,0,1,1,1,45.475,7,1
R39,0,1,2,1,20.415,7,1
R39,0,1,3,0,26.072,6,2
R39,0,1,4,1,15.663,3,2
R39,0,1,5,1,17.779,3,3
R39,0,1,6,1,41.683,6,3
R39,0,1,7,1,11.095,2,4
R39,0,1,8,1,25.001,6,4
R39,0,1,9,0,26.769,3,5
R39,0,1,10,0,25.75,3,5
R40,0,1,1,1,236.532,3,1
R40,0,1,2,0,40.09,6,1
R40,0,1,3,0,21.645,7,2
R40,0,1,4,0,31.116,6,2
R40,0,1,5,0,23.679,6,3
R40,0,1,6,0,59.548,3,3
R40,0,1,7,1,22.108,2,4
R40,0,1,8,0,40.202,6,4
R40,0,1,9,0,256.486,3,5
R40,0,1,10,0,60.476,6,5
R41,0,1,1,1,25.813,7,1
R41,0,1,2,1,13.896,7,1
R41,0,1,3,1,38.551,7,2
R41,0,1,4,1,10.855,3,2
R41,0,1,5,1,17.676,3,3
R41,0,1,6,1,24.194,3,3
R41,0,1,7,1,14.399,2,4
R41,0,1,8,0,34.87,6,4
R41,0,1,9,0,15.145,5,5
R41,0,1,10,0,26.681,3,5
R42,0,1,1,1,27.873,7,1
R42,0,1,2,1,16.738,6,1
R42,0,1,3,0,37.363,3,2
R42,0,1,4,1,16.989,2,2
R42,0,1,5,0,16.4,5,3
R42,0,1,6,1,110.462,7,3
R42,0,1,7,1,48.54,2,4
R42,0,1,8,1,28.926,7,4
R42,0,1,9,1,13.471,6,5
R42,0,1,10,0,29.412,3,5
R43,0,1,1,1,82.959,6,1
R43,0,1,2,1,9.126,6,1
R43,0,1,3,0,25.547,6,2
R43,0,1,4,0,20.727,6,2
R43,0,1,5,0,16.311,6,3
R43,0,1,6,0,28.694,6,3
R43,0,1,7,1,35.59,2,4
R43,0,1,8,1,31.86,6,4
R43,0,1,9,1,30.674,6,5
R43,0,1,10,0,63.347,6,5
R44,0,1,1,1,411.856,6,1
R44,0,1,2,1,53.129,6,1
R44,0,1,3,0,32.179,6,2
R44,0,1,4,1,10.595,6,2
R44,0,1,5,1,21.962,3,3
R44,0,1,6,1,56.059,6,3
R44,0,1,7,1,17.091,2,4
R44,0,1,8,1,66.989,6,4
R44,0,1,9,1,19.901,3,5
R44,0,1,10,0,34.988,3,5
R45,0,1,1,1,33.004,7,1
R45,0,1,2,1,15.098,7,1
R45,0,1,3,1,21.781,7,2
R45,0,1,4,1,13.807,3,2
R45,0,1,5,1,22.172,3,3
R45,0,1,6,1,25.593,7,3
R45,0,1,7,1,9.667,2,4
R45,0,1,8,1,42.265,3,4
R45,0,1,9,1,16.771,6,5
R45,0,1,10,0,23.238,6,5
R46,0,1,1,1,22.133,7,1
R46,0,1,2,0,18.724,6,1
R46,0,1,3,0,45.848,3,2
R46,0,1,4,0,14.852,6,2
R46,0,1,5,1,17.929,2,3
R46,0,1,6,1,52.762,3,3
R46,0,1,7,0,16.602,2,4
R46,0,1,8,1,18.461,6,4
R46,0,1,9,0,15.569,3,5
R46,0,1,10,0,27.467,2,5
R47,0,1,1,1,50.73,7,1
R47,0,1,2,1,14.685,7,1
R47,0,1,3,0,20.829,6,2
R47,0,1,4,1,15.769,3,2
R47,0,1,5,0,10.552,6,3
R47,0,1,6,1,28.85,7,3
R47,0,1,7,1,37.945,7,4
R47,0,1,8,1,45.127,7,4
R47,0,1,9,1,16.085,7,5
R47,0,1,10,0,35.838,3,5
R48,0,1,1,1,22.846,6,1
R48,0,1,2,1,30.98,7,1
R48,0,1,3,1,24.099,7,2
R48,0,1,4,1,21.161,2,2
R48,0,1,5,0,32.557,3,3
R48,0,1,6,1,34.033,3,3
R48,0,1,7,1,52.485,2,4
R48,0,1,8,0,38.182,3,4
R48,0,1,9,1,17.916,2,5
R48,0,1,10,0,9.616,3,5
R49,0,1,1,1,41.43,6,1
R49,0,1,2,1,9.248,6,1
R49,0,1,3,0,25.279,5,2
R49,0,1,4,1,10.269,6,2
R49,0,1,5,0,13.992,5,3
R49,0,1,6,1,77.917,3,3
R49,0,1,7,1,27.811,2,4
R49,0,1,8,1,23.717,6,4
R49,0,1,9,0,11.285,3,5
R49,0,1,10,0,19.735,3,5
R50,0,1,1,1,41.296,7,1
R50,0,1,2,1,44.188,7,1
R50,0,1,3,1,40.642,7,2
R50,0,1,4,1,16.652,7,2
R50,0,1,5,1,38.482,7,3
R50,0,1,6,1,28.301,7,3
R50,0,1,7,1,14.737,2,4
R50,0,1,8,1,53.914,3,4
R50,0,1,9,1,12.171,6,5
R50,0,1,10,0,24.101,3,5
R51,0,1,1,1,53.465,7,1
R51,0,1,2,1,19.121,7,1
R51,0,1,3,1,54.609,7,2
R51,0,1,4,1,28.511,7,2
R51,0,1,5,1,29.876,7,3
R51,0,1,6,1,32.943,7,3
R51,0,1,7,1,23.999,2,4
R51,0,1,8,0,47.763,7,4
R51,0,1,9,1,54.502,7,5
R51,0,1,10,0,68.492,7,5
R52,0,1,1,1,32.498,7,1
R52,0,1,2,0,18.333,7,1
R52,0,1,3,1,69.815,3,2
R52,0,1,4,1,21.811,6,2
R52,0,1,5,1,16.295,3,3
R52,0,1,6,1,23.847,7,3
R52,0,1,7,1,13.289,2,4
R52,0,1,8,1,19.431,7,4
R52,0,1,9,1,25.508,7,5
R52,0,1,10,0,33.642,6,5
R53,0,1,1,1,37.591,6,1
R53,0,1,2,1,32.177,3,1
R53,0,1,3,0,28.538,3,2
R53,0,1,4,1,19.137,7,2
R53,0,1,5,0,13.773,3,3
R53,0,1,6,1,44.506,6,3
R53,0,1,7,1,19.426,2,4
R53,0,1,8,1,22.546,7,4
R53,0,1,9,1,18.003,6,5
R53,0,1,10,1,22.827,3,5
R54,0,1,1,1,52.315,7,1
R54,0,1,2,1,15.447,7,1
R54,0,1,3,0,28.901,7,2
R54,0,1,4,0,26.946,3,2
R54,0,1,5,0,33.625,3,3
R54,0,1,6,1,51.67,7,3
R54,0,1,7,1,21.821,2,4
R54,0,1,8,0,46.093,6,4
R54,0,1,9,0,21.581,6,5
R54,0,1,10,0,34.829,6,5
R55,0,1,1,1,64.073,6,1
R55,0,1,2,1,27.984,6,1
R55,0,1,3,0,62.142,3,2
R55,0,1,4,1,35.903,6,2
R55,0,1,5,0,49.569,6,3
R55,0,1,6,1,24.219,6,3
R55,0,1,7,1,42.223,2,4
R55,0,1,8,0,59.665,6,4
R55,0,1,9,0,31.718,6,5
R55,0,1,10,0,41.894,6,5
R56,0,1,1,1,83.233,1,1
R56,0,1,2,1,13.01,7,1
R56,0,1,3,0,121.516,7,2
R56,0,1,4,0,20.442,6,2
R56,0,1,5,0,66.541,3,3
R56,0,1,6,0,46.397,6,3
R56,0,1,7,1,77.956,2,4
R56,0,1,8,0,107.118,7,4
R56,0,1,9,1,24.819,3,5
R56,0,1,10,0,32.217,6,5
R57,0,1,1,1,82.254,7,1
R57,0,1,2,1,25.183,7,1
R57,0,1,3,0,56.742,7,2
R57,0,1,4,0,118.482,3,2
R57,0,1,5,0,61.11,6,3
R57,0,1,6,1,60.066,6,3
R57,0,1,7,0,12.225,2,4
R57,0,1,8,0,61.719,6,4
R57,0,1,9,0,53.06,3,5
R57,0,1,10,0,55.183,6,5
R58,0,1,1,1,233.658,6,1
R58,0,1,2,1,15.223,6,1
R58,0,1,3,0,94.066,6,2
R58,0,1,4,0,13.902,6,2
R58,0,1,5,0,17.667,6,3
R58,0,1,6,1,64.99,6,3
R58,0,1,7,0,21.774,2,4
R58,0,1,8,0,98.079,6,4
R58,0,1,9,1,117.042,3,5
R58,0,1,10,0,23.452,6,5
R60,0,1,1,1,69.365,7,1
R60,0,1,2,1,46.218,7,1
R60,0,1,3,1,144.249,6,2
R60,0,1,4,0,30.019,6,2
R60,0,1,5,0,27.569,7,3
R60,0,1,6,1,41.105,7,3
R60,0,1,7,1,21.988,2,4
R60,0,1,8,1,60.827,3,4
R60,0,1,9,1,34.545,7,5
R60,0,1,10,0,62.516,3,5
R61,0,1,1,1,71.628,7,1
R61,0,1,2,1,40.07,7,1
R61,0,1,3,0,43.307,7,2
R61,0,1,4,0,35.249,7,2
R61,0,1,5,0,25.928,6,3
R61,0,1,6,1,83.332,7,3
R61,0,1,7,0,31.74,2,4
R61,0,1,8,0,50.47,7,4
R61,0,1,9,0,21.304,7,5
R61,0,1,10,0,94.116,6,5
R62,0,1,1,1,212.877,7,1
R62,0,1,2,1,32.837,7,1
R62,0,1,3,1,57.152,7,2
R62,0,1,4,1,19.872,3,2
R62,0,1,5,0,55.289,5,3
R62,0,1,6,1,64.084,6,3
R62,0,1,7,1,11.491,2,4
R62,0,1,8,1,120.62,6,4
R62,0,1,9,0,10.755,7,5
R62,0,1,10,0,52.868,3,5
